Model,RMSE,MAE,R2,MAPE,Negative_Count,Negative_Pct
Ridge (Log-Transformed),36.90287379190694,21.54459876438497,0.5502570068208628,34.75516905843905,0,0.0
